drop database if exists regimeCasualties;

/* make new copy of database */
create database regimeCasualties;

/* use newly made database */
use regimeCasualties;

/* Create citizen table */
CREATE TABLE CITIZEN_T (
CITIZEN_ID			INT NOT NULL,
SEX					CHAR(1),
FIRST_NAME			VARCHAR(50),
LAST_NAME			VARCHAR(50),
AGE					INT,
CTYPE				CHAR(1),
CONSTRAINT CITIZEN_PK PRIMARY KEY(CITIZEN_ID));

INSERT INTO CITIZEN_T(CITIZEN_ID, SEX, FIRST_NAME, LAST_NAME, AGE, CTYPE) VALUES (24954223, 'M', 'Nestor Luis', 'Reverol Torres', 34, 'E');
INSERT INTO CITIZEN_T(CITIZEN_ID, SEX, FIRST_NAME, LAST_NAME, AGE, CTYPE) VALUES (13433521, 'M',  'Juan Francisco', 'Romero Figueroa', 47, 'E');
INSERT INTO CITIZEN_T(CITIZEN_ID, SEX, FIRST_NAME, LAST_NAME, AGE, CTYPE) VALUES (32276090, 'F', 'Delcy', 'Rodriguez', 36, 'E');
INSERT INTO CITIZEN_T(CITIZEN_ID, SEX, FIRST_NAME, LAST_NAME, AGE, CTYPE) VALUES (23227811, 'M', 'Vladimir', 'Padrino Lopez', 53, 'E');
INSERT INTO CITIZEN_T(CITIZEN_ID, SEX, FIRST_NAME, LAST_NAME, AGE, CTYPE) VALUES (52184297, 'M', 'Niumar José', 'Clemente Barrios', 37,'P');
INSERT INTO CITIZEN_T(CITIZEN_ID, SEX, FIRST_NAME, LAST_NAME, AGE, CTYPE) VALUES (87736401, 'M', 'Rodolfo', 'Pazos', 28, 'P' );
INSERT INTO CITIZEN_T(CITIZEN_ID, SEX, FIRST_NAME, LAST_NAME, AGE, CTYPE) VALUES (18462946, 'F', 'Gabriela', 'Montilla', 24, 'P' );
INSERT INTO CITIZEN_T(CITIZEN_ID, SEX, FIRST_NAME, LAST_NAME, AGE, CTYPE) VALUES (38264894, 'M', 'Daniel Alejandro', 'Queliz Araca', 19,'P' );
INSERT INTO CITIZEN_T(CITIZEN_ID, SEX, FIRST_NAME, LAST_NAME, AGE, CTYPE) VALUES (37956256, 'M', 'Carlos Jose', 'Moreno', 17, 'P');
INSERT INTO CITIZEN_T(CITIZEN_ID, SEX, FIRST_NAME, LAST_NAME, AGE, CTYPE) VALUES (27574846, 'F', 'Paola Andreína', 'Ramírez Gómez', 23, 'P');
INSERT INTO CITIZEN_T(CITIZEN_ID, SEX, FIRST_NAME, LAST_NAME, AGE, CTYPE) VALUES (19465916, 'M', 'Mervin Fernando', 'Guitian Díaz',  25,'P' );
INSERT INTO CITIZEN_T(CITIZEN_ID, SEX, FIRST_NAME, LAST_NAME, AGE, CTYPE) VALUES (96243164, 'M', 'Orlando Johan',  'Medina Aguilar', 22, 'P');
INSERT INTO CITIZEN_T(CITIZEN_ID, SEX, FIRST_NAME, LAST_NAME, AGE, CTYPE) VALUES (05612365, 'M', 'Juan Pablo', 'Pernalete', 20,'P' );
INSERT INTO CITIZEN_T(CITIZEN_ID, SEX, FIRST_NAME, LAST_NAME, AGE, CTYPE) VALUES (53286348, 'M', 'Yonathan Eduardo', 'Quintero Arenas', 21, 'P');
INSERT INTO CITIZEN_T(CITIZEN_ID, SEX, FIRST_NAME, LAST_NAME, AGE, CTYPE) VALUES (29726597, 'M', 'Armando', 'Cañizales Carrillo', 18, 'P');
INSERT INTO CITIZEN_T(CITIZEN_ID, SEX, FIRST_NAME, LAST_NAME, AGE, CTYPE) VALUES (85725487, 'M', 'Hector Vladimir', 'Lugo Pérez', 20, 'P' );
INSERT INTO CITIZEN_T(CITIZEN_ID, SEX, FIRST_NAME, LAST_NAME, AGE, CTYPE) VALUES (24659176, 'M',  'Miguel', 'Castillo Bracho', 27, 'P');
INSERT INTO CITIZEN_T(CITIZEN_ID, SEX, FIRST_NAME, LAST_NAME, AGE, CTYPE) VALUES (84746268, 'M', 'Yeison Nathanael', 'Mora Castillo', 17, 'P');
INSERT INTO CITIZEN_T(CITIZEN_ID, SEX, FIRST_NAME, LAST_NAME, AGE, CTYPE) VALUES (91645286, 'M', 'Diego Fernando', 'Arellano De Figueredo', 31, 'P');
INSERT INTO CITIZEN_T(CITIZEN_ID, SEX, FIRST_NAME, LAST_NAME, AGE, CTYPE) VALUES (23636001, 'M', 'Starlee Josue', 'Avila Garcia', 23, 'P');
INSERT INTO CITIZEN_T(CITIZEN_ID, SEX, FIRST_NAME, LAST_NAME, AGE, CTYPE) VALUES (24177683, 'F', 'Yohanna Betzabeth', 'Calderon Perez', 19, 'P');
INSERT INTO CITIZEN_T(CITIZEN_ID, SEX, FIRST_NAME, LAST_NAME, AGE, CTYPE) VALUES (13384943, 'F', 'Janath Alejandra', 'Castellanos Parejo', 19, 'P');
INSERT INTO CITIZEN_T(CITIZEN_ID, SEX, FIRST_NAME, LAST_NAME, AGE, CTYPE) VALUES (19445412, 'M', 'Ezequiel L', 'Guiliarte', 23, 'P' );
INSERT INTO CITIZEN_T(CITIZEN_ID, SEX, FIRST_NAME, LAST_NAME, AGE, CTYPE) VALUES (23597819, 'F', 'Maria Fernanda', 'Mayora', 64, 'P');
INSERT INTO CITIZEN_T(CITIZEN_ID, SEX, FIRST_NAME, LAST_NAME, AGE, CTYPE) VALUES (24178753, 'F', 'Marylyn Y', 'Marcano', 44,'P' );
INSERT INTO CITIZEN_T(CITIZEN_ID, SEX, FIRST_NAME, LAST_NAME, AGE, CTYPE) VALUES (21194565, 'F',  'Barbara', 'Montse', 34, 'P');
INSERT INTO CITIZEN_T(CITIZEN_ID, SEX, FIRST_NAME, LAST_NAME, AGE, CTYPE) VALUES (26252015, 'F', 'Wilmarys Lilibeth', 'Palacios', 29, 'P' );
INSERT INTO CITIZEN_T(CITIZEN_ID, SEX, FIRST_NAME, LAST_NAME, AGE, CTYPE) VALUES (15831194, 'M', 'Jonatan', 'Pantoja', 62, 'P' );
INSERT INTO CITIZEN_T(CITIZEN_ID, SEX, FIRST_NAME, LAST_NAME, AGE, CTYPE) VALUES (24626719, 'F', 'Yanileth del Carmen', 'Rauseo Rangel', 33, 'P');
INSERT INTO CITIZEN_T(CITIZEN_ID, SEX, FIRST_NAME, LAST_NAME, AGE, CTYPE) VALUES (21193667, 'F', 'Ovilys Brigitte', 'Rivero', 32, 'P' );
INSERT INTO CITIZEN_T(CITIZEN_ID, SEX, FIRST_NAME, LAST_NAME, AGE, CTYPE) VALUES (27678051, 'M', 'Freider', 'Salcedo', 21, 'P');
INSERT INTO CITIZEN_T(CITIZEN_ID, SEX, FIRST_NAME, LAST_NAME, AGE, CTYPE) VALUES (25443436, 'F', 'Juranny', 'Sole', 17, 'P');
INSERT INTO CITIZEN_T(CITIZEN_ID, SEX, FIRST_NAME, LAST_NAME, AGE, CTYPE) VALUES (20191544, 'M', 'Jeikson Jose', 'Tormet', 59, 'P' );
INSERT INTO CITIZEN_T(CITIZEN_ID, SEX, FIRST_NAME, LAST_NAME, AGE, CTYPE) VALUES (26440120, 'F', 'Anny Patricia', 'Vargas', 31, 'P' );
INSERT INTO CITIZEN_T(CITIZEN_ID, SEX, FIRST_NAME, LAST_NAME, AGE, CTYPE) VALUES (23598062, 'F', 'Darimar del Valle', 'Vizcaino', 19, 'P');
INSERT INTO CITIZEN_T(CITIZEN_ID, SEX, FIRST_NAME, LAST_NAME, AGE, CTYPE) VALUES (16309461, 'F', 'Yamiselit Mercedes', 'Yzaguirre', 37, 'P');
INSERT INTO CITIZEN_T(CITIZEN_ID, SEX, FIRST_NAME, LAST_NAME, AGE, CTYPE) VALUES (28468498, 'M', 'Mario Benjamin', 'Caraballo Tabares', 27, 'P');
INSERT INTO CITIZEN_T(CITIZEN_ID, SEX, FIRST_NAME, LAST_NAME, AGE, CTYPE) VALUES (28570766, 'F', 'Margie Jose', 'Caraballo Tabares', 20,'P' );
INSERT INTO CITIZEN_T(CITIZEN_ID, SEX, FIRST_NAME, LAST_NAME, AGE, CTYPE) VALUES (17899025, 'M', 'Agustin David', 'Quijada Estaba', 45, 'P' );
INSERT INTO CITIZEN_T(CITIZEN_ID, SEX, FIRST_NAME, LAST_NAME, AGE, CTYPE) VALUES (17899045, 'M', 'Wilfredis Rafael', 'Mata Diaz', 42, 'P');
INSERT INTO CITIZEN_T(CITIZEN_ID, SEX, FIRST_NAME, LAST_NAME, AGE, CTYPE) VALUES (14841517, 'F', 'Maria Eugenia', 'Romero Paez', 25, 'P');
INSERT INTO CITIZEN_T(CITIZEN_ID, SEX, FIRST_NAME, LAST_NAME, AGE, CTYPE) VALUES (28279302, 'F', 'Daniella Mariana',' Fermin Cordova', 33, 'P');
INSERT INTO CITIZEN_T(CITIZEN_ID, SEX, FIRST_NAME, LAST_NAME, AGE, CTYPE) VALUES (17537324, 'M', 'Carlos Rafael', 'Rondon Contreras', 54, 'P');
INSERT INTO CITIZEN_T(CITIZEN_ID, SEX, FIRST_NAME, LAST_NAME, AGE, CTYPE) VALUES (26082368, 'F', 'Azucena Del Valle','Mata Brito', 28, 'P');
INSERT INTO CITIZEN_T(CITIZEN_ID, SEX, FIRST_NAME, LAST_NAME, AGE, CTYPE) VALUES (22652712, 'F', 'Jerika Carolina',' Millan Rivas', 19, 'P');
INSERT INTO CITIZEN_T(CITIZEN_ID, SEX, FIRST_NAME, LAST_NAME, AGE, CTYPE) VALUES (20901339, 'M', 'Carlos Cesar', 'Henriquez Marcano', 20, 'P');
INSERT INTO CITIZEN_T(CITIZEN_ID, SEX, FIRST_NAME, LAST_NAME, AGE, CTYPE) VALUES (21232925, 'M', 'Augusto Antonio', 'Leon Suarez', 22, 'P');
INSERT INTO CITIZEN_T(CITIZEN_ID, SEX, FIRST_NAME, LAST_NAME, AGE, CTYPE) VALUES (14954433, 'F', 'Katherine Josefina', 'Bartoli Machado', 25, 'P' );
INSERT INTO CITIZEN_T(CITIZEN_ID, SEX, FIRST_NAME, LAST_NAME, AGE, CTYPE) VALUES (30911227, 'F', 'Ruth','Array Brito', 35, 'P' );
INSERT INTO CITIZEN_T(CITIZEN_ID, SEX, FIRST_NAME, LAST_NAME, AGE, CTYPE) VALUES (11855154, 'M', 'Rafael Antonio', 'Nuñez Mata', 21, 'P' );
INSERT INTO CITIZEN_T(CITIZEN_ID, SEX, FIRST_NAME, LAST_NAME, AGE, CTYPE) VALUES (21325194, 'F', 'Francys Del Valle', 'Rivas Millan', 39, 'P' );
INSERT INTO CITIZEN_T(CITIZEN_ID, SEX, FIRST_NAME, LAST_NAME, AGE, CTYPE) VALUES (28189282, 'M', 'Rafael Jose', 'Nuñez Miranda', 32, 'P' );
INSERT INTO CITIZEN_T(CITIZEN_ID, SEX, FIRST_NAME, LAST_NAME, AGE, CTYPE) VALUES (20941767, 'M', 'Luis David', 'Mendoza', 38, 'P');
INSERT INTO CITIZEN_T(CITIZEN_ID, SEX, FIRST_NAME, LAST_NAME, AGE, CTYPE) VALUES (24189094, 'M', 'Jophssefrank Miguel', 'Gonzalez Marquez', 44, 'P');
INSERT INTO CITIZEN_T(CITIZEN_ID, SEX, FIRST_NAME, LAST_NAME, AGE, CTYPE) VALUES (11955290, 'M', 'Jose Ulises', 'Erazo', 27, 'P');
INSERT INTO CITIZEN_T(CITIZEN_ID, SEX, FIRST_NAME, LAST_NAME, AGE, CTYPE) VALUES (26087171, 'M', 'Julian Miguel', 'Vicent Rodriguez', 30, 'P');
INSERT INTO CITIZEN_T(CITIZEN_ID, SEX, FIRST_NAME, LAST_NAME, AGE, CTYPE) VALUES (17653922, 'M', 'Santiago', 'Marriaga', 40, 'P');
INSERT INTO CITIZEN_T(CITIZEN_ID, SEX, FIRST_NAME, LAST_NAME, AGE, CTYPE) VALUES (22994889, 'F', 'Virginia Del Valle', 'Rojas Coba', 41, 'P');
INSERT INTO CITIZEN_T(CITIZEN_ID, SEX, FIRST_NAME, LAST_NAME, AGE, CTYPE) VALUES (20324934, 'F', 'Maricarmen Del Valle', 'Lunar Salazar', 32, 'P');
INSERT INTO CITIZEN_T(CITIZEN_ID, SEX, FIRST_NAME, LAST_NAME, AGE, CTYPE) VALUES (17417493, 'F', 'Maria Alejandra', 'Lezama Farias', 24, 'P');
INSERT INTO CITIZEN_T(CITIZEN_ID, SEX, FIRST_NAME, LAST_NAME, AGE, CTYPE) VALUES (26087260, 'M', 'Luis Carlos', 'Marin Millan', 26, 'P');
INSERT INTO CITIZEN_T(CITIZEN_ID, SEX, FIRST_NAME, LAST_NAME, AGE, CTYPE) VALUES (26586259, 'F', 'Luisana Nazareth Del Valle', 'Caraballo Mata', 22, 'P');
INSERT INTO CITIZEN_T(CITIZEN_ID, SEX, FIRST_NAME, LAST_NAME, AGE, CTYPE) VALUES (21322567, 'M', 'Luis Felipe', 'Lopez Lara', 16, 'P');
INSERT INTO CITIZEN_T(CITIZEN_ID, SEX, FIRST_NAME, LAST_NAME, AGE, CTYPE) VALUES (20904939, 'F', 'Solmaurys Del Valle', 'Rojas Guzman', 28, 'P');
INSERT INTO CITIZEN_T(CITIZEN_ID, SEX, FIRST_NAME, LAST_NAME, AGE, CTYPE) VALUES (26778674, 'F', 'Edumary Milagro', 'Real Campo', 29, 'P' );
INSERT INTO CITIZEN_T(CITIZEN_ID, SEX, FIRST_NAME, LAST_NAME, AGE, CTYPE) VALUES (20345787, 'M', 'Edinson Manuel', 'Rondon Castillo', 40, 'P');
INSERT INTO CITIZEN_T(CITIZEN_ID, SEX, FIRST_NAME, LAST_NAME, AGE, CTYPE) VALUES (17655710, 'F', 'Zinair', 'Chacon', 50, 'P');
INSERT INTO CITIZEN_T(CITIZEN_ID, SEX, FIRST_NAME, LAST_NAME, AGE, CTYPE) VALUES (17712888, 'F', 'Militza', 'Souquett', 63, 'P');
INSERT INTO CITIZEN_T(CITIZEN_ID, SEX, FIRST_NAME, LAST_NAME, AGE, CTYPE) VALUES (17808194, 'M', 'Luis Manuel', 'Millan Perozo', 38, 'P');
INSERT INTO CITIZEN_T(CITIZEN_ID, SEX, FIRST_NAME, LAST_NAME, AGE, CTYPE) VALUES (17816874, 'F', 'Deysi Carolina', 'Clavijo Romero', 32, 'P');
INSERT INTO CITIZEN_T(CITIZEN_ID, SEX, FIRST_NAME, LAST_NAME, AGE, CTYPE) VALUES (17848487, 'F', 'Leoneys Amada', 'Diaz Romero', 21, 'P' );
INSERT INTO CITIZEN_T(CITIZEN_ID, SEX, FIRST_NAME, LAST_NAME, AGE, CTYPE) VALUES (17897690, 'M', 'Marco Leandro', 'Chacon Gutierrez', 19, 'P');
INSERT INTO CITIZEN_T(CITIZEN_ID, SEX, FIRST_NAME, LAST_NAME, AGE, CTYPE) VALUES (18112663, 'M', 'Jose', 'Bravo', 29, 'P');
INSERT INTO CITIZEN_T(CITIZEN_ID, SEX, FIRST_NAME, LAST_NAME, AGE, CTYPE) VALUES (18112729, 'M', 'Liver', 'Salazar', 19, 'P');
INSERT INTO CITIZEN_T(CITIZEN_ID, SEX, FIRST_NAME, LAST_NAME, AGE, CTYPE) VALUES (18113294, 'M', 'Juan', 'Hernandez', 37, 'P');
INSERT INTO CITIZEN_T(CITIZEN_ID, SEX, FIRST_NAME, LAST_NAME, AGE, CTYPE) VALUES (18189489, 'F', 'Yannileska Mercedes', 'Leon Bravo', 27, 'P');
INSERT INTO CITIZEN_T(CITIZEN_ID, SEX, FIRST_NAME, LAST_NAME, AGE, CTYPE) VALUES (18313728, 'F', 'Natacha', 'Cornejo', 54, 'P');
INSERT INTO CITIZEN_T(CITIZEN_ID, SEX, FIRST_NAME, LAST_NAME, AGE, CTYPE) VALUES (18386107, 'M', 'Daniel Jose', 'Avila Rodriguez', 53, 'P' );
INSERT INTO CITIZEN_T(CITIZEN_ID, SEX, FIRST_NAME, LAST_NAME, AGE, CTYPE) VALUES (18400501, 'M', 'Euclides Del Jesus', 'Guerra Perez', 53, 'P');
INSERT INTO CITIZEN_T(CITIZEN_ID, SEX, FIRST_NAME, LAST_NAME, AGE, CTYPE) VALUES (18400604, 'M', 'Jose', 'Dominguez', 28, 'P');
INSERT INTO CITIZEN_T(CITIZEN_ID, SEX, FIRST_NAME, LAST_NAME, AGE, CTYPE) VALUES (18401461, 'M', 'Javier', 'Rincones', 28, 'P');
INSERT INTO CITIZEN_T(CITIZEN_ID, SEX, FIRST_NAME, LAST_NAME, AGE, CTYPE) VALUES (18401737, 'M', 'Johnny', 'Peña', 19, 'P');
INSERT INTO CITIZEN_T(CITIZEN_ID, SEX, FIRST_NAME, LAST_NAME, AGE, CTYPE) VALUES (18494629, 'M', 'Andres', 'Navarro', 20, 'P');
INSERT INTO CITIZEN_T(CITIZEN_ID, SEX, FIRST_NAME, LAST_NAME, AGE, CTYPE) VALUES (18535325, 'M', 'Francisco', 'Moya', 33, 'P');
INSERT INTO CITIZEN_T(CITIZEN_ID, SEX, FIRST_NAME, LAST_NAME, AGE, CTYPE) VALUES (18549362, 'M', 'Jose', 'Coa', 19, 'P');
INSERT INTO CITIZEN_T(CITIZEN_ID, SEX, FIRST_NAME, LAST_NAME, AGE, CTYPE) VALUES (18549972, 'F', 'Dayana', 'Zabala', 18, 'P');
INSERT INTO CITIZEN_T(CITIZEN_ID, SEX, FIRST_NAME, LAST_NAME, AGE, CTYPE) VALUES (18860039, 'M', 'Geovany',  'Rodriguez Cañizarez', 22, 'P');
INSERT INTO CITIZEN_T(CITIZEN_ID, SEX, FIRST_NAME, LAST_NAME, AGE, CTYPE) VALUES (18904549, 'F', 'Milagros', 'Contreras', 38, 'E');
INSERT INTO CITIZEN_T(CITIZEN_ID, SEX, FIRST_NAME, LAST_NAME, AGE, CTYPE) VALUES (18935942, 'F', 'Maria Gabriela', 'Gomez Murguey', 39, 'E');
INSERT INTO CITIZEN_T(CITIZEN_ID, SEX, FIRST_NAME, LAST_NAME, AGE, CTYPE) VALUES (18940135, 'M', 'Carlewuis',  'Gomez', 37, 'E');
INSERT INTO CITIZEN_T(CITIZEN_ID, SEX, FIRST_NAME, LAST_NAME, AGE, CTYPE) VALUES (18940375, 'M', 'Eiksberg', 'Vasquez', 28, 'E');
INSERT INTO CITIZEN_T(CITIZEN_ID, SEX, FIRST_NAME, LAST_NAME, AGE, CTYPE) VALUES (18940382, 'M', 'Omar', 'Leon', 26, 'E');
INSERT INTO CITIZEN_T(CITIZEN_ID, SEX, FIRST_NAME, LAST_NAME, AGE, CTYPE) VALUES (19019893, 'M', 'Rafael Alejandro', 'Guacaran Suarez', 23, 'E');
INSERT INTO CITIZEN_T(CITIZEN_ID, SEX, FIRST_NAME, LAST_NAME, AGE, CTYPE) VALUES (19147567, 'M', 'Alfonzo De Jesus', 'Rodriguez', 27, 'E');
INSERT INTO CITIZEN_T(CITIZEN_ID, SEX, FIRST_NAME, LAST_NAME, AGE, CTYPE) VALUES (19169922, 'F', 'Carmen', 'Ramos', 27, 'E');
INSERT INTO CITIZEN_T(CITIZEN_ID, SEX, FIRST_NAME, LAST_NAME, AGE, CTYPE) VALUES (19232135, 'M', 'Odilio Ramon', 'Rodriguez Hernandez', 28, 'E');
INSERT INTO CITIZEN_T(CITIZEN_ID, SEX, FIRST_NAME, LAST_NAME, AGE, CTYPE) VALUES (19232183, 'M', 'Pedro Jose', 'Guacaran Nuñez', 33, 'E');
INSERT INTO CITIZEN_T(CITIZEN_ID, SEX, FIRST_NAME, LAST_NAME, AGE, CTYPE) VALUES (19232790, 'F', 'Carla Elizabeth','Moreno Anton', 39, 'E');
INSERT INTO CITIZEN_T(CITIZEN_ID, SEX, FIRST_NAME, LAST_NAME, AGE, CTYPE) VALUES (19233774, 'F', 'Milagros', 'Verde', 46, 'E');
INSERT INTO CITIZEN_T(CITIZEN_ID, SEX, FIRST_NAME, LAST_NAME, AGE, CTYPE) VALUES (19233925, 'M', 'Eddy Antonio', 'Farias Rojas', 38, 'E');
INSERT INTO CITIZEN_T(CITIZEN_ID, SEX, FIRST_NAME, LAST_NAME, AGE, CTYPE) VALUES (19317386, 'M',  'Jesus Alejandro', 'Leon Mata', 28, 'E');
INSERT INTO CITIZEN_T(CITIZEN_ID, SEX, FIRST_NAME, LAST_NAME, AGE, CTYPE) VALUES (19317591, 'M',  'Manuel Vicente', 'Mata Hernandez', 32, 'E');
INSERT INTO CITIZEN_T(CITIZEN_ID, SEX, FIRST_NAME, LAST_NAME, AGE, CTYPE) VALUES (19435398, 'M','Rosangeles Carolina', 'Cova Velasquez', 43, 'E');
INSERT INTO CITIZEN_T(CITIZEN_ID, SEX, FIRST_NAME, LAST_NAME, AGE, CTYPE) VALUES (19435700, 'M', 'Luis Alfredo', 'Carreño Estaba', 27, 'E');
INSERT INTO CITIZEN_T(CITIZEN_ID, SEX, FIRST_NAME, LAST_NAME, AGE, CTYPE) VALUES (19457788, 'M','Jose Alirio', 'Perez Blanco', 56, 'E');

/* create protest table */
CREATE TABLE PROTEST_T (
DATE_P		DATE NOT NULL,
REASON		VARCHAR(100),
ATTENDANCE	INT,
CONSTRAINT PROTEST_PK PRIMARY KEY(DATE_P));

INSERT INTO PROTEST_T(DATE_P, REASON, ATTENDANCE) VALUES('2014-02-12', 'Violence, Corruption and Economic crisis', 7600200);
INSERT INTO PROTEST_T(DATE_P, REASON, ATTENDANCE) VALUES('2017-03-31', 'Hyperinflation, Human rights violations, scarcity', 13000500);
INSERT INTO PROTEST_T(DATE_P, REASON, ATTENDANCE) VALUES('2019-01-10', 'Dictatorship, human rights violations, Hyperinflation', 16700800);

/* create state table */
CREATE TABLE STATE_T (
NAME		VARCHAR(100),
POPULATION	INT,
CONSTRAINT STATE_PK PRIMARY KEY(NAME));

INSERT INTO STATE_T(NAME, POPULATION) VALUES('AMAZONAS', 142200);
INSERT INTO STATE_T(NAME, POPULATION) VALUES('ANZOATEGUI', 1654900);
INSERT INTO STATE_T(NAME, POPULATION) VALUES('APURE', 500000);
INSERT INTO STATE_T(NAME, POPULATION) VALUES('ARAGUA', 1620000);
INSERT INTO STATE_T(NAME, POPULATION) VALUES('BARINAS', 1800200);
INSERT INTO STATE_T(NAME, POPULATION) VALUES('CARABOBO', 2600000);
INSERT INTO STATE_T(NAME, POPULATION) VALUES('DELTA AMACURO', 160000);
INSERT INTO STATE_T(NAME, POPULATION) VALUES('FALCON', 961000);
INSERT INTO STATE_T(NAME, POPULATION) VALUES('GUARICO', 745000);
INSERT INTO STATE_T(NAME, POPULATION) VALUES('LARA', 1900000);
INSERT INTO STATE_T(NAME, POPULATION) VALUES('MERIDA', 800200);
INSERT INTO STATE_T(NAME, POPULATION) VALUES('MIRANDA', 3100000);
INSERT INTO STATE_T(NAME, POPULATION) VALUES('MONAGAS', 1000000);
INSERT INTO STATE_T(NAME, POPULATION) VALUES('NUEVA ESPARTA', 508000);
INSERT INTO STATE_T(NAME, POPULATION) VALUES('BOLIVAR', 1800200);
INSERT INTO STATE_T(NAME, POPULATION) VALUES('PORTUGUESA', 919000);
INSERT INTO STATE_T(NAME, POPULATION) VALUES('SUCRE', 940000);
INSERT INTO STATE_T(NAME, POPULATION) VALUES('TACHIRA', 1300200);
INSERT INTO STATE_T(NAME, POPULATION) VALUES('TRUJILLO', 747000);
INSERT INTO STATE_T(NAME, POPULATION) VALUES('VARGAS', 300200);
INSERT INTO STATE_T(NAME, POPULATION) VALUES('YARACUY', 640000);
INSERT INTO STATE_T(NAME, POPULATION) VALUES('ZULIA', 4200000);

/* create protest_location table */
CREATE TABLE PROTEST_LOCATION_T (
PROTEST_DATE		DATE NOT NULL,
STATE_NAME		VARCHAR(100),
CONSTRAINT PROTEST_LOCATION_PK PRIMARY KEY(PROTEST_DATE, STATE_NAME),
CONSTRAINT PROTEST_LOCATION_FK1 FOREIGN KEY(PROTEST_DATE) REFERENCES PROTEST_T(DATE_P),
CONSTRAINT PROTEST_LOCATION_FK2 FOREIGN KEY(STATE_NAME) REFERENCES STATE_T(NAME));

INSERT INTO PROTEST_LOCATION_T(PROTEST_DATE, STATE_NAME) VALUES('2014-02-12','ZULIA');
INSERT INTO PROTEST_LOCATION_T(PROTEST_DATE, STATE_NAME) VALUES('2017-03-31','ZULIA');
INSERT INTO PROTEST_LOCATION_T(PROTEST_DATE, STATE_NAME) VALUES('2019-01-10','ZULIA');
INSERT INTO PROTEST_LOCATION_T(PROTEST_DATE, STATE_NAME) VALUES('2014-02-12','BOLIVAR');
INSERT INTO PROTEST_LOCATION_T(PROTEST_DATE, STATE_NAME) VALUES('2017-03-31','BOLIVAR');
INSERT INTO PROTEST_LOCATION_T(PROTEST_DATE, STATE_NAME) VALUES('2019-01-10','BOLIVAR');
INSERT INTO PROTEST_LOCATION_T(PROTEST_DATE, STATE_NAME) VALUES('2014-02-12','ANZOATEGUI');
INSERT INTO PROTEST_LOCATION_T(PROTEST_DATE, STATE_NAME) VALUES('2017-03-31','ANZOATEGUI');
INSERT INTO PROTEST_LOCATION_T(PROTEST_DATE, STATE_NAME) VALUES('2019-01-10','ANZOATEGUI');
INSERT INTO PROTEST_LOCATION_T(PROTEST_DATE, STATE_NAME) VALUES('2014-02-12','MERIDA');
INSERT INTO PROTEST_LOCATION_T(PROTEST_DATE, STATE_NAME) VALUES('2017-03-31','MERIDA');
INSERT INTO PROTEST_LOCATION_T(PROTEST_DATE, STATE_NAME) VALUES('2019-01-10','MERIDA');
INSERT INTO PROTEST_LOCATION_T(PROTEST_DATE, STATE_NAME) VALUES('2014-02-12','MIRANDA');
INSERT INTO PROTEST_LOCATION_T(PROTEST_DATE, STATE_NAME) VALUES('2017-03-31','MIRANDA');
INSERT INTO PROTEST_LOCATION_T(PROTEST_DATE, STATE_NAME) VALUES('2019-01-10','MIRANDA');
INSERT INTO PROTEST_LOCATION_T(PROTEST_DATE, STATE_NAME) VALUES('2014-02-12','AMAZONAS');
INSERT INTO PROTEST_LOCATION_T(PROTEST_DATE, STATE_NAME) VALUES('2017-03-31','AMAZONAS');
INSERT INTO PROTEST_LOCATION_T(PROTEST_DATE, STATE_NAME) VALUES('2019-01-10','AMAZONAS');
INSERT INTO PROTEST_LOCATION_T(PROTEST_DATE, STATE_NAME) VALUES('2014-02-12','MONAGAS');
INSERT INTO PROTEST_LOCATION_T(PROTEST_DATE, STATE_NAME) VALUES('2017-03-31','MONAGAS');
INSERT INTO PROTEST_LOCATION_T(PROTEST_DATE, STATE_NAME) VALUES('2019-01-10','MONAGAS');
INSERT INTO PROTEST_LOCATION_T(PROTEST_DATE, STATE_NAME) VALUES('2014-02-12','LARA');
INSERT INTO PROTEST_LOCATION_T(PROTEST_DATE, STATE_NAME) VALUES('2017-03-31','LARA');
INSERT INTO PROTEST_LOCATION_T(PROTEST_DATE, STATE_NAME) VALUES('2019-01-10','LARA');
INSERT INTO PROTEST_LOCATION_T(PROTEST_DATE, STATE_NAME) VALUES('2017-03-31','FALCON');
INSERT INTO PROTEST_LOCATION_T(PROTEST_DATE, STATE_NAME) VALUES('2019-01-10','FALCON');
INSERT INTO PROTEST_LOCATION_T(PROTEST_DATE, STATE_NAME) VALUES('2017-03-31','BARINAS');
INSERT INTO PROTEST_LOCATION_T(PROTEST_DATE, STATE_NAME) VALUES('2019-01-10','BARINAS');
INSERT INTO PROTEST_LOCATION_T(PROTEST_DATE, STATE_NAME) VALUES('2017-03-31','APURE');
INSERT INTO PROTEST_LOCATION_T(PROTEST_DATE, STATE_NAME) VALUES('2019-01-10','APURE');
INSERT INTO PROTEST_LOCATION_T(PROTEST_DATE, STATE_NAME) VALUES('2014-02-12','CARABOBO');
INSERT INTO PROTEST_LOCATION_T(PROTEST_DATE, STATE_NAME) VALUES('2017-03-31','CARABOBO');
INSERT INTO PROTEST_LOCATION_T(PROTEST_DATE, STATE_NAME) VALUES('2019-01-10','CARABOBO');
INSERT INTO PROTEST_LOCATION_T(PROTEST_DATE, STATE_NAME) VALUES('2017-03-31','YARACUY');
INSERT INTO PROTEST_LOCATION_T(PROTEST_DATE, STATE_NAME) VALUES('2019-01-10','YARACUY');
INSERT INTO PROTEST_LOCATION_T(PROTEST_DATE, STATE_NAME) VALUES('2019-01-10','SUCRE');
INSERT INTO PROTEST_LOCATION_T(PROTEST_DATE, STATE_NAME) VALUES('2017-03-31','VARGAS');
INSERT INTO PROTEST_LOCATION_T(PROTEST_DATE, STATE_NAME) VALUES('2019-01-10','VARGAS');
INSERT INTO PROTEST_LOCATION_T(PROTEST_DATE, STATE_NAME) VALUES('2019-01-10','DELTA AMACURO');
INSERT INTO PROTEST_LOCATION_T(PROTEST_DATE, STATE_NAME) VALUES('2019-01-10','GUARICO');



/* create prison table */
CREATE TABLE PRISON_T (
NAME				VARCHAR(70) NOT NULL,
NUMBER_OF_INMATES	INT,
P_STATE VARCHAR(100),
CONSTRAINT PRISON_PK PRIMARY KEY(NAME),
CONSTRAINT PRISON_FK1 FOREIGN KEY(P_STATE) REFERENCES STATE_T(NAME));

INSERT INTO PRISON_T(NAME, NUMBER_OF_INMATES, P_STATE) VALUES('El helicoide', 2300, 'MIRANDA');
INSERT INTO PRISON_T(NAME, NUMBER_OF_INMATES, P_STATE) VALUES('El dorado', 5000, 'BOLIVAR');
INSERT INTO PRISON_T(NAME, NUMBER_OF_INMATES, P_STATE) VALUES('La tumba', 600, 'MIRANDA');
INSERT INTO PRISON_T(NAME, NUMBER_OF_INMATES, P_STATE) VALUES('Sabaneta', 3700, 'ZULIA');
INSERT INTO PRISON_T(NAME, NUMBER_OF_INMATES, P_STATE) VALUES('Ramo verde', 1200, 'MIRANDA');
INSERT INTO PRISON_T(NAME, NUMBER_OF_INMATES, P_STATE) VALUES('Yare', 44500, 'MIRANDA');
INSERT INTO PRISON_T(NAME, NUMBER_OF_INMATES, P_STATE) VALUES('Internado Judicial de Carabobo', 3200, 'CARABOBO');
INSERT INTO PRISON_T(NAME, NUMBER_OF_INMATES, P_STATE) VALUES('Centro Penitenciario de Carabobo', 1000, 'CARABOBO');
INSERT INTO PRISON_T(NAME, NUMBER_OF_INMATES, P_STATE) VALUES('Centro Penitenciario Región Andina', 850, 'MERIDA');
INSERT INTO PRISON_T(NAME, NUMBER_OF_INMATES, P_STATE) VALUES('Internado Judicial Rodeo', 2500, 'YARACUY');
INSERT INTO PRISON_T(NAME, NUMBER_OF_INMATES, P_STATE) VALUES('Carcel de la pica', 800, 'ANZOATEGUI');
INSERT INTO PRISON_T(NAME, NUMBER_OF_INMATES, P_STATE) VALUES('Centro Penitenciario José Antonio Anzoátegui de Puente Ayal', 900, 'ANZOATEGUI');
INSERT INTO PRISON_T(NAME, NUMBER_OF_INMATES, P_STATE) VALUES('Centro Experimental de Reclusión y Rehabilitación de Aragua', 2000, 'VARGAS');
INSERT INTO PRISON_T(NAME, NUMBER_OF_INMATES, P_STATE) VALUES('Cárcel del Puerto Ayacucho', 1300, 'GUARICO');
INSERT INTO PRISON_T(NAME, NUMBER_OF_INMATES, P_STATE) VALUES('Procemil', 500, 'SUCRE');

/* create department table */
CREATE TABLE DEPARTMENT_T (
NAME		VARCHAR(50) NOT NULL,					/*might need to be taken out 'cause this table can't exist w/o employee and vice versa*/
PURPOSE		VARCHAR(50),
CONSTRAINT DEPARTMENT_PK PRIMARY KEY(NAME));

INSERT INTO DEPARTMENT_T(NAME, PURPOSE) VALUES ('GNB', 'Gendarmerie');
INSERT INTO DEPARTMENT_T(NAME, PURPOSE) VALUES ('PNB','Police');
INSERT INTO DEPARTMENT_T(NAME, PURPOSE) VALUES ('SEBIN', 'Intelligence');
INSERT INTO DEPARTMENT_T(NAME, PURPOSE) VALUES ('DGCIM' ,'Counterintelligence' );
INSERT INTO DEPARTMENT_T(NAME, PURPOSE) VALUES ('FAES' ,'Special Forces');

/* Create employee table */
CREATE TABLE EMPLOYEE_T (
EMPLOYEE_ID			INT NOT NULL,
DEPARTMENT_NAME		VARCHAR(50),
CONSTRAINT EMPLOYEE_PK PRIMARY KEY(EMPLOYEE_ID),
CONSTRAINT EMPLOYEE_FK1 FOREIGN KEY(EMPLOYEE_ID) REFERENCES CITIZEN_T(CITIZEN_ID),
CONSTRAINT EMPLOYEE_FK2 FOREIGN KEY(DEPARTMENT_NAME) REFERENCES DEPARTMENT_T(NAME));

INSERT INTO EMPLOYEE_T(EMPLOYEE_ID, DEPARTMENT_NAME) VALUES(24954223, 'GNB');
INSERT INTO EMPLOYEE_T(EMPLOYEE_ID, DEPARTMENT_NAME) VALUES(13433521, 'PNB');
INSERT INTO EMPLOYEE_T(EMPLOYEE_ID, DEPARTMENT_NAME) VALUES(32276090, 'SEBIN');
INSERT INTO EMPLOYEE_T(EMPLOYEE_ID, DEPARTMENT_NAME) VALUES(23227811, 'DGCIM');
INSERT INTO EMPLOYEE_T(EMPLOYEE_ID, DEPARTMENT_NAME) VALUES(52184297, 'GNB');
INSERT INTO EMPLOYEE_T(EMPLOYEE_ID, DEPARTMENT_NAME) VALUES(87736401, 'SEBIN');
INSERT INTO EMPLOYEE_T(EMPLOYEE_ID, DEPARTMENT_NAME) VALUES(18904549, 'FAES');
INSERT INTO EMPLOYEE_T(EMPLOYEE_ID, DEPARTMENT_NAME) VALUES(18935942, 'FAES');
INSERT INTO EMPLOYEE_T(EMPLOYEE_ID, DEPARTMENT_NAME) VALUES(18940135, 'DGCIM');
INSERT INTO EMPLOYEE_T(EMPLOYEE_ID, DEPARTMENT_NAME) VALUES(18940375, 'PNB');
INSERT INTO EMPLOYEE_T(EMPLOYEE_ID, DEPARTMENT_NAME) VALUES(18940382, 'PNB');
INSERT INTO EMPLOYEE_T(EMPLOYEE_ID, DEPARTMENT_NAME) VALUES(19019893, 'GNB');
INSERT INTO EMPLOYEE_T(EMPLOYEE_ID, DEPARTMENT_NAME) VALUES(19147567, 'GNB');
INSERT INTO EMPLOYEE_T(EMPLOYEE_ID, DEPARTMENT_NAME) VALUES(19169922, 'SEBIN');
INSERT INTO EMPLOYEE_T(EMPLOYEE_ID, DEPARTMENT_NAME) VALUES(19232135, 'SEBIN');
INSERT INTO EMPLOYEE_T(EMPLOYEE_ID, DEPARTMENT_NAME) VALUES(19232183, 'SEBIN');
INSERT INTO EMPLOYEE_T(EMPLOYEE_ID, DEPARTMENT_NAME) VALUES(19232790, 'PNB');
INSERT INTO EMPLOYEE_T(EMPLOYEE_ID, DEPARTMENT_NAME) VALUES(19233774, 'DGCIM');
INSERT INTO EMPLOYEE_T(EMPLOYEE_ID, DEPARTMENT_NAME) VALUES(19233925, 'DGCIM');
INSERT INTO EMPLOYEE_T(EMPLOYEE_ID, DEPARTMENT_NAME) VALUES(19317386, 'GNB');
INSERT INTO EMPLOYEE_T(EMPLOYEE_ID, DEPARTMENT_NAME) VALUES(19317591, 'FAES');
INSERT INTO EMPLOYEE_T(EMPLOYEE_ID, DEPARTMENT_NAME) VALUES(19435398, 'GNB');
INSERT INTO EMPLOYEE_T(EMPLOYEE_ID, DEPARTMENT_NAME) VALUES(19435700, 'FAES');
INSERT INTO EMPLOYEE_T(EMPLOYEE_ID, DEPARTMENT_NAME) VALUES(19457788, 'GNB');

/* Create protestor table */
CREATE TABLE PROTESTOR_T (
PROTESTOR_ID			INT NOT NULL,
KILLED				char(1),
CAPTURED			char(1),
DEPARTMENT_NAME		VARCHAR(50),
CONSTRAINT PROTESTOR_PK PRIMARY KEY(PROTESTOR_ID),
CONSTRAINT PROTESTOR_FK1 FOREIGN KEY(PROTESTOR_ID) REFERENCES CITIZEN_T(CITIZEN_ID),
CONSTRAINT PROTESTOR_FK2 FOREIGN KEY(DEPARTMENT_NAME) REFERENCES DEPARTMENT_T(NAME));

INSERT INTO PROTESTOR_T(PROTESTOR_ID, KILLED, CAPTURED, DEPARTMENT_NAME) VALUES(28189282, 'T', 'T', 'FAES');
INSERT INTO PROTESTOR_T(PROTESTOR_ID, KILLED, CAPTURED, DEPARTMENT_NAME) VALUES(20941767, 'T', 'T', 'FAES');
INSERT INTO PROTESTOR_T(PROTESTOR_ID, KILLED, CAPTURED, DEPARTMENT_NAME) VALUES(24189094, 'T', 'T', 'GNB');
INSERT INTO PROTESTOR_T(PROTESTOR_ID, KILLED, CAPTURED, DEPARTMENT_NAME) VALUES(11955290, 'T', 'T', 'PNB');
INSERT INTO PROTESTOR_T(PROTESTOR_ID, KILLED, CAPTURED, DEPARTMENT_NAME) VALUES(26087171, 'T', 'F', 'DGCIM');
INSERT INTO PROTESTOR_T(PROTESTOR_ID, KILLED, CAPTURED, DEPARTMENT_NAME) VALUES(17653922, 'T', 'T', 'SEBIN');
INSERT INTO PROTESTOR_T(PROTESTOR_ID, KILLED, CAPTURED, DEPARTMENT_NAME) VALUES(22994889, 'T', 'F', 'FAES');
INSERT INTO PROTESTOR_T(PROTESTOR_ID, KILLED, CAPTURED, DEPARTMENT_NAME) VALUES(26586259, 'T', 'F', 'FAES');
INSERT INTO PROTESTOR_T(PROTESTOR_ID, KILLED, CAPTURED, DEPARTMENT_NAME) VALUES(20904939, 'T', 'F', 'FAES');
INSERT INTO PROTESTOR_T(PROTESTOR_ID, KILLED, CAPTURED, DEPARTMENT_NAME) VALUES(26778674, 'T', 'F', 'GNB');
INSERT INTO PROTESTOR_T(PROTESTOR_ID, KILLED, CAPTURED, DEPARTMENT_NAME) VALUES(18462946, 'T', 'F', 'FAES');
INSERT INTO PROTESTOR_T(PROTESTOR_ID, KILLED, CAPTURED, DEPARTMENT_NAME) VALUES(38264894, 'T', 'F', 'SEBIN');
INSERT INTO PROTESTOR_T(PROTESTOR_ID, KILLED, CAPTURED, DEPARTMENT_NAME) VALUES(37956256, 'T', 'F', 'PNB');
INSERT INTO PROTESTOR_T(PROTESTOR_ID, KILLED, CAPTURED, DEPARTMENT_NAME) VALUES(27574846, 'T', 'F', 'GNB');
INSERT INTO PROTESTOR_T(PROTESTOR_ID, KILLED, CAPTURED, DEPARTMENT_NAME) VALUES(19465916, 'T', 'F', 'FAES');
INSERT INTO PROTESTOR_T(PROTESTOR_ID, KILLED, CAPTURED, DEPARTMENT_NAME) VALUES(96243164, 'T', 'F', 'PNB');
INSERT INTO PROTESTOR_T(PROTESTOR_ID, KILLED, CAPTURED, DEPARTMENT_NAME) VALUES(05612365, 'T', 'F', 'GNB');
INSERT INTO PROTESTOR_T(PROTESTOR_ID, KILLED, CAPTURED, DEPARTMENT_NAME) VALUES(53286348, 'T', 'F', 'FAES');
INSERT INTO PROTESTOR_T(PROTESTOR_ID, KILLED, CAPTURED, DEPARTMENT_NAME) VALUES(29726597, 'T', 'F', 'SEBIN');
INSERT INTO PROTESTOR_T(PROTESTOR_ID, KILLED, CAPTURED, DEPARTMENT_NAME) VALUES(85725487, 'T', 'F', 'FAES');
INSERT INTO PROTESTOR_T(PROTESTOR_ID, KILLED, CAPTURED, DEPARTMENT_NAME) VALUES(24659176, 'T', 'F', 'PNB');
INSERT INTO PROTESTOR_T(PROTESTOR_ID, KILLED, CAPTURED, DEPARTMENT_NAME) VALUES(84746268, 'T', 'F', 'GNB');
INSERT INTO PROTESTOR_T(PROTESTOR_ID, KILLED, CAPTURED, DEPARTMENT_NAME) VALUES(91645286, 'T', 'F', 'SEBIN');
INSERT INTO PROTESTOR_T(PROTESTOR_ID, KILLED, CAPTURED, DEPARTMENT_NAME) VALUES(23636001, 'F', 'T', 'PNB');
INSERT INTO PROTESTOR_T(PROTESTOR_ID, KILLED, CAPTURED, DEPARTMENT_NAME) VALUES(24177683, 'F', 'T', 'GNB');
INSERT INTO PROTESTOR_T(PROTESTOR_ID, KILLED, CAPTURED, DEPARTMENT_NAME) VALUES(13384943, 'F', 'T', 'SEBIN');
INSERT INTO PROTESTOR_T(PROTESTOR_ID, KILLED, CAPTURED, DEPARTMENT_NAME) VALUES(19445412, 'F', 'T', 'GNB');
INSERT INTO PROTESTOR_T(PROTESTOR_ID, KILLED, CAPTURED, DEPARTMENT_NAME) VALUES(23597819, 'F', 'T', 'GNB');
INSERT INTO PROTESTOR_T(PROTESTOR_ID, KILLED, CAPTURED, DEPARTMENT_NAME) VALUES(24178753, 'F', 'T', 'PNB');
INSERT INTO PROTESTOR_T(PROTESTOR_ID, KILLED, CAPTURED, DEPARTMENT_NAME) VALUES(21194565, 'F', 'T', 'DGCIM');
INSERT INTO PROTESTOR_T(PROTESTOR_ID, KILLED, CAPTURED, DEPARTMENT_NAME) VALUES(26252015, 'F', 'T', 'SEBIN');
INSERT INTO PROTESTOR_T(PROTESTOR_ID, KILLED, CAPTURED, DEPARTMENT_NAME) VALUES(15831194, 'F', 'T', 'DGCIM');
INSERT INTO PROTESTOR_T(PROTESTOR_ID, KILLED, CAPTURED, DEPARTMENT_NAME) VALUES(24626719, 'F', 'T', 'PNB');
INSERT INTO PROTESTOR_T(PROTESTOR_ID, KILLED, CAPTURED, DEPARTMENT_NAME) VALUES(21193667, 'F', 'T', 'DGCIM');
INSERT INTO PROTESTOR_T(PROTESTOR_ID, KILLED, CAPTURED, DEPARTMENT_NAME) VALUES(27678051, 'F', 'T', 'PNB');
INSERT INTO PROTESTOR_T(PROTESTOR_ID, KILLED, CAPTURED, DEPARTMENT_NAME) VALUES(25443436, 'F', 'T', 'DGCIM');
INSERT INTO PROTESTOR_T(PROTESTOR_ID, KILLED, CAPTURED, DEPARTMENT_NAME) VALUES(20191544, 'F', 'T', 'PNB');
INSERT INTO PROTESTOR_T(PROTESTOR_ID, KILLED, CAPTURED, DEPARTMENT_NAME) VALUES(26440120, 'F', 'T', 'GNB');
INSERT INTO PROTESTOR_T(PROTESTOR_ID, KILLED, CAPTURED, DEPARTMENT_NAME) VALUES(23598062, 'F', 'T', 'PNB');
INSERT INTO PROTESTOR_T(PROTESTOR_ID, KILLED, CAPTURED, DEPARTMENT_NAME) VALUES(16309461, 'F', 'T', 'SEBIN');
INSERT INTO PROTESTOR_T(PROTESTOR_ID, KILLED, CAPTURED, DEPARTMENT_NAME) VALUES(28468498, 'F', 'T', 'SEBIN');
INSERT INTO PROTESTOR_T(PROTESTOR_ID, KILLED, CAPTURED, DEPARTMENT_NAME) VALUES(28570766, 'F', 'T', 'PNB');
INSERT INTO PROTESTOR_T(PROTESTOR_ID, KILLED, CAPTURED, DEPARTMENT_NAME) VALUES(17899025, 'F', 'T', 'PNB');
INSERT INTO PROTESTOR_T(PROTESTOR_ID, KILLED, CAPTURED, DEPARTMENT_NAME) VALUES(17899045, 'F', 'T', 'DGCIM');
INSERT INTO PROTESTOR_T(PROTESTOR_ID, KILLED, CAPTURED, DEPARTMENT_NAME) VALUES(14841517, 'F', 'T', 'PNB');
INSERT INTO PROTESTOR_T(PROTESTOR_ID, KILLED, CAPTURED, DEPARTMENT_NAME) VALUES(28279302, 'F', 'T', 'PNB');
INSERT INTO PROTESTOR_T(PROTESTOR_ID, KILLED, CAPTURED, DEPARTMENT_NAME) VALUES(17537324, 'F', 'T', 'GNB');
INSERT INTO PROTESTOR_T(PROTESTOR_ID, KILLED, CAPTURED, DEPARTMENT_NAME) VALUES(26082368, 'F', 'T', 'GNB');
INSERT INTO PROTESTOR_T(PROTESTOR_ID, KILLED, CAPTURED, DEPARTMENT_NAME) VALUES(22652712, 'F', 'T', 'PNB');
INSERT INTO PROTESTOR_T(PROTESTOR_ID, KILLED, CAPTURED, DEPARTMENT_NAME) VALUES(20901339, 'F', 'T', 'PNB');
INSERT INTO PROTESTOR_T(PROTESTOR_ID, KILLED, CAPTURED, DEPARTMENT_NAME) VALUES(21232925, 'F', 'T', 'GNB');
INSERT INTO PROTESTOR_T(PROTESTOR_ID, KILLED, CAPTURED, DEPARTMENT_NAME) VALUES(14954433, 'F', 'T', 'DGCIM');
INSERT INTO PROTESTOR_T(PROTESTOR_ID, KILLED, CAPTURED, DEPARTMENT_NAME) VALUES(30911227, 'F', 'T', 'SEBIN');
INSERT INTO PROTESTOR_T(PROTESTOR_ID, KILLED, CAPTURED, DEPARTMENT_NAME) VALUES(11855154, 'F', 'T', 'SEBIN');
INSERT INTO PROTESTOR_T(PROTESTOR_ID, KILLED, CAPTURED, DEPARTMENT_NAME) VALUES(21325194, 'F', 'T', 'PNB');
INSERT INTO PROTESTOR_T(PROTESTOR_ID, KILLED, CAPTURED, DEPARTMENT_NAME) VALUES(20324934, 'F', 'T', 'PNB');
INSERT INTO PROTESTOR_T(PROTESTOR_ID, KILLED, CAPTURED, DEPARTMENT_NAME) VALUES(17417493, 'F', 'T', 'PNB');
INSERT INTO PROTESTOR_T(PROTESTOR_ID, KILLED, CAPTURED, DEPARTMENT_NAME) VALUES(26087260, 'F', 'T', 'GNB');
INSERT INTO PROTESTOR_T(PROTESTOR_ID, KILLED, CAPTURED, DEPARTMENT_NAME) VALUES(21322567,'T', 'F', 'FAES');
INSERT INTO PROTESTOR_T(PROTESTOR_ID, KILLED, CAPTURED, DEPARTMENT_NAME) VALUES(20345787,'T', 'F', 'FAES');
INSERT INTO PROTESTOR_T(PROTESTOR_ID, KILLED, CAPTURED, DEPARTMENT_NAME) VALUES(17655710,'T', 'F', 'DGCIM');
INSERT INTO PROTESTOR_T(PROTESTOR_ID, KILLED, CAPTURED, DEPARTMENT_NAME) VALUES(17712888,'T', 'F', 'FAES');
INSERT INTO PROTESTOR_T(PROTESTOR_ID, KILLED, CAPTURED, DEPARTMENT_NAME) VALUES(17808194,'T', 'F', 'FAES');
INSERT INTO PROTESTOR_T(PROTESTOR_ID, KILLED, CAPTURED, DEPARTMENT_NAME) VALUES(17816874,'T', 'F', 'GNB');
INSERT INTO PROTESTOR_T(PROTESTOR_ID, KILLED, CAPTURED, DEPARTMENT_NAME) VALUES(17848487,'T', 'F', 'FAES');
INSERT INTO PROTESTOR_T(PROTESTOR_ID, KILLED, CAPTURED, DEPARTMENT_NAME) VALUES(17897690,'T', 'F', 'GNB');
INSERT INTO PROTESTOR_T(PROTESTOR_ID, KILLED, CAPTURED, DEPARTMENT_NAME) VALUES(18112663,'T', 'F', 'GNB');
INSERT INTO PROTESTOR_T(PROTESTOR_ID, KILLED, CAPTURED, DEPARTMENT_NAME) VALUES(18112729,'T', 'F', 'FAES');
INSERT INTO PROTESTOR_T(PROTESTOR_ID, KILLED, CAPTURED, DEPARTMENT_NAME) VALUES(18113294,'T', 'F', 'GNB');
INSERT INTO PROTESTOR_T(PROTESTOR_ID, KILLED, CAPTURED, DEPARTMENT_NAME) VALUES(18189489,'T', 'F', 'FAES');
INSERT INTO PROTESTOR_T(PROTESTOR_ID, KILLED, CAPTURED, DEPARTMENT_NAME) VALUES(18313728,'T', 'F', 'DGCIM');
INSERT INTO PROTESTOR_T(PROTESTOR_ID, KILLED, CAPTURED, DEPARTMENT_NAME) VALUES(18386107,'T', 'F', 'FAES');
INSERT INTO PROTESTOR_T(PROTESTOR_ID, KILLED, CAPTURED, DEPARTMENT_NAME) VALUES(18400501,'T', 'F', 'SEBIN');
INSERT INTO PROTESTOR_T(PROTESTOR_ID, KILLED, CAPTURED, DEPARTMENT_NAME) VALUES(18400604,'T', 'F', 'GNB');
INSERT INTO PROTESTOR_T(PROTESTOR_ID, KILLED, CAPTURED, DEPARTMENT_NAME) VALUES(18401461,'T', 'F', 'FAES');
INSERT INTO PROTESTOR_T(PROTESTOR_ID, KILLED, CAPTURED, DEPARTMENT_NAME) VALUES(18401737,'T', 'F', 'DGCIM');
INSERT INTO PROTESTOR_T(PROTESTOR_ID, KILLED, CAPTURED, DEPARTMENT_NAME) VALUES(18494629,'T', 'F', 'SEBIN');
INSERT INTO PROTESTOR_T(PROTESTOR_ID, KILLED, CAPTURED, DEPARTMENT_NAME) VALUES(18535325,'T', 'F', 'SEBIN');
INSERT INTO PROTESTOR_T(PROTESTOR_ID, KILLED, CAPTURED, DEPARTMENT_NAME) VALUES(18549362,'T', 'F','DGCIM');
INSERT INTO PROTESTOR_T(PROTESTOR_ID, KILLED, CAPTURED, DEPARTMENT_NAME) VALUES(18549972,'T', 'F', 'FAES');
INSERT INTO PROTESTOR_T(PROTESTOR_ID, KILLED, CAPTURED, DEPARTMENT_NAME) VALUES(18860039,'T', 'F', 'DGCIM');

/* create killed table */
CREATE TABLE KILLED_T (
KILLED_PROTESTOR_ID			INT NOT NULL,
DATE_OF_DEATH				DATE,
CAUSE						VARCHAR(100),
CONSTRAINT KILLED_PK PRIMARY KEY(KILLED_PROTESTOR_ID),
CONSTRAINT KILLED_FK FOREIGN KEY(KILLED_PROTESTOR_ID) REFERENCES PROTESTOR_T(PROTESTOR_ID));

INSERT INTO KILLED_T(KILLED_PROTESTOR_ID, DATE_OF_DEATH, CAUSE) VALUES(28189282, '2014-02-28', 'gunshot');
INSERT INTO KILLED_T(KILLED_PROTESTOR_ID, DATE_OF_DEATH, CAUSE) VALUES(20941767, '2014-02-28', 'gunshot');
INSERT INTO KILLED_T(KILLED_PROTESTOR_ID, DATE_OF_DEATH, CAUSE) VALUES(24189094, '2014-03-23', 'gunshot');
INSERT INTO KILLED_T(KILLED_PROTESTOR_ID, DATE_OF_DEATH, CAUSE) VALUES(11955290, '2014-02-23', 'tear-gars wound');
INSERT INTO KILLED_T(KILLED_PROTESTOR_ID, DATE_OF_DEATH, CAUSE) VALUES(26087171, '2014-02-15', 'gunshot');
INSERT INTO KILLED_T(KILLED_PROTESTOR_ID, DATE_OF_DEATH, CAUSE) VALUES(17653922, '2014-02-28', 'gunshot');
INSERT INTO KILLED_T(KILLED_PROTESTOR_ID, DATE_OF_DEATH, CAUSE) VALUES(22994889, '2014-04-04', 'asphyxiation');
INSERT INTO KILLED_T(KILLED_PROTESTOR_ID, DATE_OF_DEATH, CAUSE) VALUES(26586259, '2014-02-17', 'gunshot');
INSERT INTO KILLED_T(KILLED_PROTESTOR_ID, DATE_OF_DEATH, CAUSE) VALUES(20904939, '2014-04-22', 'gunshot');
INSERT INTO KILLED_T(KILLED_PROTESTOR_ID, DATE_OF_DEATH, CAUSE) VALUES(26778674, '2014-02-28', 'tear-gas wound');
INSERT INTO KILLED_T(KILLED_PROTESTOR_ID, DATE_OF_DEATH, CAUSE) VALUES(18462946, '2014-04-01', 'gunshot');
INSERT INTO KILLED_T(KILLED_PROTESTOR_ID, DATE_OF_DEATH, CAUSE) VALUES(38264894, '2014-04-01', 'gunshot');
INSERT INTO KILLED_T(KILLED_PROTESTOR_ID, DATE_OF_DEATH, CAUSE) VALUES(37956256, '2014-02-09', 'asphyxiation');
INSERT INTO KILLED_T(KILLED_PROTESTOR_ID, DATE_OF_DEATH, CAUSE) VALUES(27574846, '2017-03-31', 'gunshot');
INSERT INTO KILLED_T(KILLED_PROTESTOR_ID, DATE_OF_DEATH, CAUSE) VALUES(19465916, '2017-04-03', 'gunshot');
INSERT INTO KILLED_T(KILLED_PROTESTOR_ID, DATE_OF_DEATH, CAUSE) VALUES(96243164, '2017-04-03', 'gunshot');
INSERT INTO KILLED_T(KILLED_PROTESTOR_ID, DATE_OF_DEATH, CAUSE) VALUES(05612365, '2017-04-04', 'tear-gas wound');
INSERT INTO KILLED_T(KILLED_PROTESTOR_ID, DATE_OF_DEATH, CAUSE) VALUES(53286348, '2017-04-05', 'gunshot');
INSERT INTO KILLED_T(KILLED_PROTESTOR_ID, DATE_OF_DEATH, CAUSE) VALUES(29726597, '2017-04-05', 'ran over');
INSERT INTO KILLED_T(KILLED_PROTESTOR_ID, DATE_OF_DEATH, CAUSE) VALUES(85725487, '2017-05-01', 'gunshot');
INSERT INTO KILLED_T(KILLED_PROTESTOR_ID, DATE_OF_DEATH, CAUSE) VALUES(24659176, '2017-05-01', 'gunshot');
INSERT INTO KILLED_T(KILLED_PROTESTOR_ID, DATE_OF_DEATH, CAUSE) VALUES(84746268, '2017-05-01', 'tear-gas wound');
INSERT INTO KILLED_T(KILLED_PROTESTOR_ID, DATE_OF_DEATH, CAUSE) VALUES(91645286, '2017-05-01', 'tear-gas wound');
INSERT INTO KILLED_T(KILLED_PROTESTOR_ID, DATE_OF_DEATH, CAUSE) VALUES(21322567, '2017-04-23', 'gunshot');
INSERT INTO KILLED_T(KILLED_PROTESTOR_ID, DATE_OF_DEATH, CAUSE) VALUES(20345787, '2017-05-02', 'tear-gas wound');
INSERT INTO KILLED_T(KILLED_PROTESTOR_ID, DATE_OF_DEATH, CAUSE) VALUES(17655710, '2019-01-24', 'gunshot');
INSERT INTO KILLED_T(KILLED_PROTESTOR_ID, DATE_OF_DEATH, CAUSE) VALUES(17712888, '2019-01-27', 'gunshot');
INSERT INTO KILLED_T(KILLED_PROTESTOR_ID, DATE_OF_DEATH, CAUSE) VALUES(17808194, '2019-01-27', 'gunshot');
INSERT INTO KILLED_T(KILLED_PROTESTOR_ID, DATE_OF_DEATH, CAUSE) VALUES(17816874, '2019-01-28', 'gunshot');
INSERT INTO KILLED_T(KILLED_PROTESTOR_ID, DATE_OF_DEATH, CAUSE) VALUES(17848487, '2019-01-29', 'gunshot');
INSERT INTO KILLED_T(KILLED_PROTESTOR_ID, DATE_OF_DEATH, CAUSE) VALUES(17897690, '2019-01-29', 'tear-gas wound');
INSERT INTO KILLED_T(KILLED_PROTESTOR_ID, DATE_OF_DEATH, CAUSE) VALUES(18112663, '2019-01-29', 'gunshot');
INSERT INTO KILLED_T(KILLED_PROTESTOR_ID, DATE_OF_DEATH, CAUSE) VALUES(18112729, '2019-02-01', 'tear-gas wound');
INSERT INTO KILLED_T(KILLED_PROTESTOR_ID, DATE_OF_DEATH, CAUSE) VALUES(18113294, '2019-02-03', 'tear-gas wound');
INSERT INTO KILLED_T(KILLED_PROTESTOR_ID, DATE_OF_DEATH, CAUSE) VALUES(18189489, '2019-02-02', 'tear-gas wound');
INSERT INTO KILLED_T(KILLED_PROTESTOR_ID, DATE_OF_DEATH, CAUSE) VALUES(18313728, '2019-02-03', 'gunshot');
INSERT INTO KILLED_T(KILLED_PROTESTOR_ID, DATE_OF_DEATH, CAUSE) VALUES(18386107, '2019-02-04', 'gunshot');
INSERT INTO KILLED_T(KILLED_PROTESTOR_ID, DATE_OF_DEATH, CAUSE) VALUES(18400501, '2019-02-08', 'gunshot');
INSERT INTO KILLED_T(KILLED_PROTESTOR_ID, DATE_OF_DEATH, CAUSE) VALUES(18400604, '2019-02-17', 'asphyxiation');
INSERT INTO KILLED_T(KILLED_PROTESTOR_ID, DATE_OF_DEATH, CAUSE) VALUES(18401461, '2019-02-22', 'gunshot');
INSERT INTO KILLED_T(KILLED_PROTESTOR_ID, DATE_OF_DEATH, CAUSE) VALUES(18401737, '2019-02-23', 'tear-gas wound');
INSERT INTO KILLED_T(KILLED_PROTESTOR_ID, DATE_OF_DEATH, CAUSE) VALUES(18494629, '2019-02-24', 'gunshot');
INSERT INTO KILLED_T(KILLED_PROTESTOR_ID, DATE_OF_DEATH, CAUSE) VALUES(18535325, '2019-03-01', 'gunshot');
INSERT INTO KILLED_T(KILLED_PROTESTOR_ID, DATE_OF_DEATH, CAUSE) VALUES(18549362, '2019-03-06', 'gunshot');
INSERT INTO KILLED_T(KILLED_PROTESTOR_ID, DATE_OF_DEATH, CAUSE) VALUES(18549972, '2019-03-16', 'gunshot');
INSERT INTO KILLED_T(KILLED_PROTESTOR_ID, DATE_OF_DEATH, CAUSE) VALUES(18860039, '2019-03-20', 'tear-gas wound');

CREATE TABLE CAPTURED_T (
CAPTIVE_ID					INT NOT NULL,
DATE_OF_IMPRISONMENT		DATE,
PRISON_NAME					VARCHAR(70),
CONSTRAINT CAPTURED_PK PRIMARY KEY(CAPTIVE_ID),
CONSTRAINT CAPTURED_FK1 FOREIGN KEY(CAPTIVE_ID) REFERENCES PROTESTOR_T(PROTESTOR_ID),
CONSTRAINT CAPTURED_FK2 FOREIGN KEY(PRISON_NAME) REFERENCES PRISON_T(NAME));

INSERT INTO CAPTURED_T(CAPTIVE_ID, DATE_OF_IMPRISONMENT, PRISON_NAME) VALUES(23636001,'2014-02-17', 'El helicoide');
INSERT INTO CAPTURED_T(CAPTIVE_ID, DATE_OF_IMPRISONMENT, PRISON_NAME) VALUES(24177683, '2014-02-11', 'El dorado');
INSERT INTO CAPTURED_T(CAPTIVE_ID, DATE_OF_IMPRISONMENT, PRISON_NAME) VALUES(13384943, '2014-02-18', 'La tumba');
INSERT INTO CAPTURED_T(CAPTIVE_ID, DATE_OF_IMPRISONMENT, PRISON_NAME) VALUES(19445412, '2014-02-19', 'La tumba');
INSERT INTO CAPTURED_T(CAPTIVE_ID, DATE_OF_IMPRISONMENT, PRISON_NAME) VALUES(23597819, '2014-03-21','El helicoide');
INSERT INTO CAPTURED_T(CAPTIVE_ID, DATE_OF_IMPRISONMENT, PRISON_NAME) VALUES(24178753, '2014-03-24','Sabaneta');
INSERT INTO CAPTURED_T(CAPTIVE_ID, DATE_OF_IMPRISONMENT, PRISON_NAME) VALUES(21194565, '2014-03-13', 'El dorado');
INSERT INTO CAPTURED_T(CAPTIVE_ID, DATE_OF_IMPRISONMENT, PRISON_NAME) VALUES(26252015, '2014-03-24', 'Sabaneta');
INSERT INTO CAPTURED_T(CAPTIVE_ID, DATE_OF_IMPRISONMENT, PRISON_NAME) VALUES(15831194, '2014-03-24', 'El helicoide');
INSERT INTO CAPTURED_T(CAPTIVE_ID, DATE_OF_IMPRISONMENT, PRISON_NAME) VALUES(24626719,'2014-03-22' , 'Sabaneta');
INSERT INTO CAPTURED_T(CAPTIVE_ID, DATE_OF_IMPRISONMENT, PRISON_NAME) VALUES(21193667,'2014-03-08' , 'Ramo verde');
INSERT INTO CAPTURED_T(CAPTIVE_ID, DATE_OF_IMPRISONMENT, PRISON_NAME) VALUES(27678051, '2014-04-04', 'El helicoide');
INSERT INTO CAPTURED_T(CAPTIVE_ID, DATE_OF_IMPRISONMENT, PRISON_NAME) VALUES(25443436, '2014-04-12', 'Ramo verde');
INSERT INTO CAPTURED_T(CAPTIVE_ID, DATE_OF_IMPRISONMENT, PRISON_NAME) VALUES(20191544, '2014-04-18', 'El dorado');
INSERT INTO CAPTURED_T(CAPTIVE_ID, DATE_OF_IMPRISONMENT, PRISON_NAME) VALUES(26440120, '2014-04-22', 'Ramo verde');
INSERT INTO CAPTURED_T(CAPTIVE_ID, DATE_OF_IMPRISONMENT, PRISON_NAME) VALUES(23598062, '2014-04-03', 'El helicoide');
INSERT INTO CAPTURED_T(CAPTIVE_ID, DATE_OF_IMPRISONMENT, PRISON_NAME) VALUES(16309461, '2017-03-28','Yare');
INSERT INTO CAPTURED_T(CAPTIVE_ID, DATE_OF_IMPRISONMENT, PRISON_NAME) VALUES(28468498, '2017-03-29', 'Ramo verde');
INSERT INTO CAPTURED_T(CAPTIVE_ID, DATE_OF_IMPRISONMENT, PRISON_NAME) VALUES(28570766, '2017-03-31', 'Procemil');
INSERT INTO CAPTURED_T(CAPTIVE_ID, DATE_OF_IMPRISONMENT, PRISON_NAME) VALUES(17899025, '2017-03-31', 'Centro Penitenciario José Antonio Anzoátegui de Puente Ayal');
INSERT INTO CAPTURED_T(CAPTIVE_ID, DATE_OF_IMPRISONMENT, PRISON_NAME) VALUES(17899045, '2017-04-05', 'El dorado');
INSERT INTO CAPTURED_T(CAPTIVE_ID, DATE_OF_IMPRISONMENT, PRISON_NAME) VALUES(14841517, '2017-04-22', 'El dorado');
INSERT INTO CAPTURED_T(CAPTIVE_ID, DATE_OF_IMPRISONMENT, PRISON_NAME) VALUES(28279302, '2017-04-02', 'El dorado');
INSERT INTO CAPTURED_T(CAPTIVE_ID, DATE_OF_IMPRISONMENT, PRISON_NAME) VALUES(17537324, '2017-04-01', 'Cárcel del Puerto Ayacucho');
INSERT INTO CAPTURED_T(CAPTIVE_ID, DATE_OF_IMPRISONMENT, PRISON_NAME) VALUES(26082368, '2017-04-09', 'Centro Experimental de Reclusión y Rehabilitación de Aragua');
INSERT INTO CAPTURED_T(CAPTIVE_ID, DATE_OF_IMPRISONMENT, PRISON_NAME) VALUES(22652712, '2019-01-20', 'Carcel de la pica');
INSERT INTO CAPTURED_T(CAPTIVE_ID, DATE_OF_IMPRISONMENT, PRISON_NAME) VALUES(20901339, '2019-01-29', 'La tumba');
INSERT INTO CAPTURED_T(CAPTIVE_ID, DATE_OF_IMPRISONMENT, PRISON_NAME) VALUES(21232925, '2019-01-27', 'La tumba');
INSERT INTO CAPTURED_T(CAPTIVE_ID, DATE_OF_IMPRISONMENT, PRISON_NAME) VALUES(14954433, '2019-01-27', 'Internado Judicial Rodeo');
INSERT INTO CAPTURED_T(CAPTIVE_ID, DATE_OF_IMPRISONMENT, PRISON_NAME) VALUES(30911227, '2019-01-27', 'Centro Penitenciario Region Andina');
INSERT INTO CAPTURED_T(CAPTIVE_ID, DATE_OF_IMPRISONMENT, PRISON_NAME) VALUES(11855154, '2019-01-22', 'Sabaneta');
INSERT INTO CAPTURED_T(CAPTIVE_ID, DATE_OF_IMPRISONMENT, PRISON_NAME) VALUES(21325194, '2019-02-22', 'Centro Penitenciario José Antonio Anzoátegui de Puente Ayal');
INSERT INTO CAPTURED_T(CAPTIVE_ID, DATE_OF_IMPRISONMENT, PRISON_NAME) VALUES(28189282, '2019-02-09', 'Sabaneta');
INSERT INTO CAPTURED_T(CAPTIVE_ID, DATE_OF_IMPRISONMENT, PRISON_NAME) VALUES(20941767, '2014-02-05', 'Centro Penitenciario de Carabobo');
INSERT INTO CAPTURED_T(CAPTIVE_ID, DATE_OF_IMPRISONMENT, PRISON_NAME) VALUES(24189094, '2014-02-14', 'Ramo verde');
INSERT INTO CAPTURED_T(CAPTIVE_ID, DATE_OF_IMPRISONMENT, PRISON_NAME) VALUES(11955290, '2014-02-15', 'La tumba');
INSERT INTO CAPTURED_T(CAPTIVE_ID, DATE_OF_IMPRISONMENT, PRISON_NAME) VALUES(17653922, '2014-02-03', 'Internado Judicial de Carabobo');
INSERT INTO CAPTURED_T(CAPTIVE_ID, DATE_OF_IMPRISONMENT, PRISON_NAME) VALUES(20324934, '2019-03-12', 'Sabaneta');
INSERT INTO CAPTURED_T(CAPTIVE_ID, DATE_OF_IMPRISONMENT, PRISON_NAME) VALUES(17417493, '2019-03-15', 'Internado Judicial de Carabobo');
INSERT INTO CAPTURED_T(CAPTIVE_ID, DATE_OF_IMPRISONMENT, PRISON_NAME) VALUES(26087260, '2019-03-27', 'Yare');

/* create protest attendees table */
CREATE TABLE PROTEST_ATTENDEES_T (
PROTEST_DATE		DATE NOT NULL,
PROTESTOR_ID		INT NOT NULL,
CONSTRAINT PROTEST_ATTENDEES_PK PRIMARY KEY(PROTEST_DATE, PROTESTOR_ID),
CONSTRAINT PROTEST_ATTENDEES_FK1 FOREIGN KEY(PROTEST_DATE) REFERENCES PROTEST_T(DATE_P),
CONSTRAINT PROTEST_ATTENDEES_FK2 FOREIGN KEY(PROTESTOR_ID) REFERENCES PROTESTOR_T(PROTESTOR_ID));

INSERT INTO PROTEST_ATTENDEES_T(PROTESTOR_ID, PROTEST_DATE) VALUES(28189282, '2014-02-12');
INSERT INTO PROTEST_ATTENDEES_T(PROTESTOR_ID, PROTEST_DATE) VALUES(20941767, '2014-02-12');
INSERT INTO PROTEST_ATTENDEES_T(PROTESTOR_ID, PROTEST_DATE) VALUES(24189094, '2014-02-12');
INSERT INTO PROTEST_ATTENDEES_T(PROTESTOR_ID, PROTEST_DATE) VALUES(11955290, '2014-02-12');
INSERT INTO PROTEST_ATTENDEES_T(PROTESTOR_ID, PROTEST_DATE) VALUES(26087171, '2014-02-12');
INSERT INTO PROTEST_ATTENDEES_T(PROTESTOR_ID, PROTEST_DATE) VALUES(17653922, '2014-02-12');
INSERT INTO PROTEST_ATTENDEES_T(PROTESTOR_ID, PROTEST_DATE) VALUES(22994889, '2014-02-12');
INSERT INTO PROTEST_ATTENDEES_T(PROTESTOR_ID, PROTEST_DATE) VALUES(26586259, '2014-02-12');
INSERT INTO PROTEST_ATTENDEES_T(PROTESTOR_ID, PROTEST_DATE) VALUES(20904939, '2014-02-12');
INSERT INTO PROTEST_ATTENDEES_T(PROTESTOR_ID, PROTEST_DATE) VALUES(26778674, '2014-02-12');
INSERT INTO PROTEST_ATTENDEES_T(PROTESTOR_ID, PROTEST_DATE) VALUES(18462946, '2014-02-12');
INSERT INTO PROTEST_ATTENDEES_T(PROTESTOR_ID, PROTEST_DATE) VALUES(38264894, '2014-02-12');
INSERT INTO PROTEST_ATTENDEES_T(PROTESTOR_ID, PROTEST_DATE) VALUES(37956256, '2014-02-12');
INSERT INTO PROTEST_ATTENDEES_T(PROTESTOR_ID, PROTEST_DATE) VALUES(27574846, '2017-03-31');
INSERT INTO PROTEST_ATTENDEES_T(PROTESTOR_ID, PROTEST_DATE) VALUES(19465916, '2017-03-31');
INSERT INTO PROTEST_ATTENDEES_T(PROTESTOR_ID, PROTEST_DATE) VALUES(96243164, '2017-03-31');
INSERT INTO PROTEST_ATTENDEES_T(PROTESTOR_ID, PROTEST_DATE) VALUES(05612365, '2017-03-31');
INSERT INTO PROTEST_ATTENDEES_T(PROTESTOR_ID, PROTEST_DATE) VALUES(53286348, '2017-03-31');
INSERT INTO PROTEST_ATTENDEES_T(PROTESTOR_ID, PROTEST_DATE) VALUES(29726597, '2017-03-31');
INSERT INTO PROTEST_ATTENDEES_T(PROTESTOR_ID, PROTEST_DATE) VALUES(85725487, '2017-03-31');
INSERT INTO PROTEST_ATTENDEES_T(PROTESTOR_ID, PROTEST_DATE) VALUES(24659176, '2017-03-31');
INSERT INTO PROTEST_ATTENDEES_T(PROTESTOR_ID, PROTEST_DATE) VALUES(84746268, '2017-03-31');
INSERT INTO PROTEST_ATTENDEES_T(PROTESTOR_ID, PROTEST_DATE) VALUES(91645286, '2017-03-31');
INSERT INTO PROTEST_ATTENDEES_T(PROTESTOR_ID, PROTEST_DATE) VALUES(21322567, '2017-03-31');
INSERT INTO PROTEST_ATTENDEES_T(PROTESTOR_ID, PROTEST_DATE) VALUES(20345787, '2017-03-31');
INSERT INTO PROTEST_ATTENDEES_T(PROTESTOR_ID, PROTEST_DATE) VALUES(17655710, '2019-01-10');
INSERT INTO PROTEST_ATTENDEES_T(PROTESTOR_ID, PROTEST_DATE) VALUES(17712888, '2019-01-10');
INSERT INTO PROTEST_ATTENDEES_T(PROTESTOR_ID, PROTEST_DATE) VALUES(17808194, '2019-01-10');
INSERT INTO PROTEST_ATTENDEES_T(PROTESTOR_ID, PROTEST_DATE) VALUES(17816874, '2019-01-10');
INSERT INTO PROTEST_ATTENDEES_T(PROTESTOR_ID, PROTEST_DATE) VALUES(17848487, '2019-01-10');
INSERT INTO PROTEST_ATTENDEES_T(PROTESTOR_ID, PROTEST_DATE) VALUES(17897690, '2019-01-10');
INSERT INTO PROTEST_ATTENDEES_T(PROTESTOR_ID, PROTEST_DATE) VALUES(18112663, '2019-01-10');
INSERT INTO PROTEST_ATTENDEES_T(PROTESTOR_ID, PROTEST_DATE) VALUES(18112729, '2019-01-10');
INSERT INTO PROTEST_ATTENDEES_T(PROTESTOR_ID, PROTEST_DATE) VALUES(18113294, '2019-01-10');
INSERT INTO PROTEST_ATTENDEES_T(PROTESTOR_ID, PROTEST_DATE) VALUES(18189489, '2019-01-10');
INSERT INTO PROTEST_ATTENDEES_T(PROTESTOR_ID, PROTEST_DATE) VALUES(18313728, '2019-01-10');
INSERT INTO PROTEST_ATTENDEES_T(PROTESTOR_ID, PROTEST_DATE) VALUES(18386107, '2019-01-10');
INSERT INTO PROTEST_ATTENDEES_T(PROTESTOR_ID, PROTEST_DATE) VALUES(18400501, '2019-01-10');
INSERT INTO PROTEST_ATTENDEES_T(PROTESTOR_ID, PROTEST_DATE) VALUES(18400604, '2019-01-10');
INSERT INTO PROTEST_ATTENDEES_T(PROTESTOR_ID, PROTEST_DATE) VALUES(18401461, '2019-01-10');
INSERT INTO PROTEST_ATTENDEES_T(PROTESTOR_ID, PROTEST_DATE) VALUES(18401737, '2019-01-10');
INSERT INTO PROTEST_ATTENDEES_T(PROTESTOR_ID, PROTEST_DATE) VALUES(18494629, '2019-01-10');
INSERT INTO PROTEST_ATTENDEES_T(PROTESTOR_ID, PROTEST_DATE) VALUES(18535325, '2019-01-10');
INSERT INTO PROTEST_ATTENDEES_T(PROTESTOR_ID, PROTEST_DATE) VALUES(18549362, '2019-01-10');
INSERT INTO PROTEST_ATTENDEES_T(PROTESTOR_ID, PROTEST_DATE) VALUES(18549972, '2019-01-10');
INSERT INTO PROTEST_ATTENDEES_T(PROTESTOR_ID, PROTEST_DATE) VALUES(18860039, '2019-01-10');
INSERT INTO PROTEST_ATTENDEES_T(PROTESTOR_ID, PROTEST_DATE) VALUES(23636001, '2014-02-12');
INSERT INTO PROTEST_ATTENDEES_T(PROTESTOR_ID, PROTEST_DATE) VALUES(24177683, '2014-02-12');
INSERT INTO PROTEST_ATTENDEES_T(PROTESTOR_ID, PROTEST_DATE) VALUES(13384943, '2014-02-12');
INSERT INTO PROTEST_ATTENDEES_T(PROTESTOR_ID, PROTEST_DATE) VALUES(19445412, '2014-02-12');
INSERT INTO PROTEST_ATTENDEES_T(PROTESTOR_ID, PROTEST_DATE) VALUES(23597819, '2014-02-12');
INSERT INTO PROTEST_ATTENDEES_T(PROTESTOR_ID, PROTEST_DATE) VALUES(24178753, '2014-02-12');
INSERT INTO PROTEST_ATTENDEES_T(PROTESTOR_ID, PROTEST_DATE) VALUES(21194565, '2014-02-12');
INSERT INTO PROTEST_ATTENDEES_T(PROTESTOR_ID, PROTEST_DATE) VALUES(26252015, '2014-02-12');
INSERT INTO PROTEST_ATTENDEES_T(PROTESTOR_ID, PROTEST_DATE) VALUES(15831194, '2014-02-12');
INSERT INTO PROTEST_ATTENDEES_T(PROTESTOR_ID, PROTEST_DATE) VALUES(24626719, '2014-02-12');
INSERT INTO PROTEST_ATTENDEES_T(PROTESTOR_ID, PROTEST_DATE) VALUES(21193667, '2014-02-12');
INSERT INTO PROTEST_ATTENDEES_T(PROTESTOR_ID, PROTEST_DATE) VALUES(27678051, '2014-02-12');
INSERT INTO PROTEST_ATTENDEES_T(PROTESTOR_ID, PROTEST_DATE) VALUES(25443436, '2014-02-12');
INSERT INTO PROTEST_ATTENDEES_T(PROTESTOR_ID, PROTEST_DATE) VALUES(20191544, '2014-02-12');
INSERT INTO PROTEST_ATTENDEES_T(PROTESTOR_ID, PROTEST_DATE) VALUES(26440120, '2014-02-12');
INSERT INTO PROTEST_ATTENDEES_T(PROTESTOR_ID, PROTEST_DATE) VALUES(23598062, '2014-02-12');
INSERT INTO PROTEST_ATTENDEES_T(PROTESTOR_ID, PROTEST_DATE) VALUES(16309461, '2017-03-31');
INSERT INTO PROTEST_ATTENDEES_T(PROTESTOR_ID, PROTEST_DATE) VALUES(28468498, '2017-03-31');
INSERT INTO PROTEST_ATTENDEES_T(PROTESTOR_ID, PROTEST_DATE) VALUES(28570766, '2017-03-31');
INSERT INTO PROTEST_ATTENDEES_T(PROTESTOR_ID, PROTEST_DATE) VALUES(17899025, '2017-03-31');
INSERT INTO PROTEST_ATTENDEES_T(PROTESTOR_ID, PROTEST_DATE) VALUES(17899045, '2017-03-31');
INSERT INTO PROTEST_ATTENDEES_T(PROTESTOR_ID, PROTEST_DATE) VALUES(14841517, '2017-03-31');
INSERT INTO PROTEST_ATTENDEES_T(PROTESTOR_ID, PROTEST_DATE) VALUES(28279302, '2017-03-31');
INSERT INTO PROTEST_ATTENDEES_T(PROTESTOR_ID, PROTEST_DATE) VALUES(17537324, '2017-03-31');
INSERT INTO PROTEST_ATTENDEES_T(PROTESTOR_ID, PROTEST_DATE) VALUES(26082368, '2017-03-31');
INSERT INTO PROTEST_ATTENDEES_T(PROTESTOR_ID, PROTEST_DATE) VALUES(22652712, '2019-01-10');
INSERT INTO PROTEST_ATTENDEES_T(PROTESTOR_ID, PROTEST_DATE) VALUES(20901339, '2019-01-10');
INSERT INTO PROTEST_ATTENDEES_T(PROTESTOR_ID, PROTEST_DATE) VALUES(21232925, '2019-01-10');
INSERT INTO PROTEST_ATTENDEES_T(PROTESTOR_ID, PROTEST_DATE) VALUES(14954433, '2019-01-10');
INSERT INTO PROTEST_ATTENDEES_T(PROTESTOR_ID, PROTEST_DATE) VALUES(30911227, '2019-01-10');
INSERT INTO PROTEST_ATTENDEES_T(PROTESTOR_ID, PROTEST_DATE) VALUES(11855154, '2019-01-10');
INSERT INTO PROTEST_ATTENDEES_T(PROTESTOR_ID, PROTEST_DATE) VALUES(21325194, '2019-01-10');
INSERT INTO PROTEST_ATTENDEES_T(PROTESTOR_ID, PROTEST_DATE) VALUES(20324934, '2019-01-10');
INSERT INTO PROTEST_ATTENDEES_T(PROTESTOR_ID, PROTEST_DATE) VALUES(17417493, '2019-01-10');
INSERT INTO PROTEST_ATTENDEES_T(PROTESTOR_ID, PROTEST_DATE) VALUES(26087260, '2019-01-10');


SELECT count(*)
FROM KILLED_T, CITIZEN_T
WHERE (CITIZEN_T.CITIZEN_ID = KILLED_T.KILLED_PROTESTOR_ID) AND AGE < 20;

SELECT count(*)
FROM KILLED_T, CITIZEN_T
WHERE (CITIZEN_T.CITIZEN_ID = KILLED_T.KILLED_PROTESTOR_ID) AND CAUSE = 'gunshot';

SELECT FIRST_NAME
FROM CITIZEN_T, KILLED_T
WHERE CITIZEN_T.CITIZEN_ID = KILLED_T.KILLED_PROTESTOR_ID AND SEX = 'F';

SELECT FIRST_NAME, LAST_NAME
FROM CITIZEN_T, PROTESTOR_t
WHERE (CITIZEN_T.CITIZEN_ID = PROTESTOR_T.PROTESTOR_ID) AND DEPARTMENT_NAME = 'PNB';

SELECT *
FROM PROTEST_T
WHERE DATE_P = '2019-01-10';


SELECT count(*) as 'People killed in Zulia'
FROM PROTEST_ATTENDEES_T, PROTEST_LOCATION_T, PROTESTOR_T
WHERE PROTEST_ATTENDEES_T.PROTEST_DATE = PROTEST_LOCATION_T.PROTEST_DATE AND PROTEST_ATTENDEES_T.PROTESTOR_ID = PROTESTOR_T.PROTESTOR_ID AND KILLED = 'T' AND STATE_NAME = 'ZULIA';

SELECT count(*) AS 'Number Captured'
FROM PROTESTOR_T, PROTEST_ATTENDEES_T
WHERE PROTESTOR_T.PROTESTOR_ID = PROTEST_ATTENDEES_T.PROTESTOR_ID AND CAPTURED = 'T';
